שם,קורס,סטאטוס,חומרים,תאריך הגשה,📚 חומרים
ממן 11,אוטומטים ושפות פורמליות (%D7%A8%D7%A9%D7%99%D7%9E%D7%AA%20%D7%A7%D7%95%D7%A8%D7%A1%D7%99%D7%9D/%D7%90%D7%95%D7%98%D7%95%D7%9E%D7%98%D7%99%D7%9D%20%D7%95%D7%A9%D7%A4%D7%95%D7%AA%20%D7%A4%D7%95%D7%A8%D7%9E%D7%9C%D7%99%D7%95%D7%AA%203a9795e27ff94c5492d9bda507aa18ed.md),נגמר,,"July 6, 2023",
ממן 12,מתמטיקה בדידה (%D7%A8%D7%A9%D7%99%D7%9E%D7%AA%20%D7%A7%D7%95%D7%A8%D7%A1%D7%99%D7%9D/%D7%9E%D7%AA%D7%9E%D7%98%D7%99%D7%A7%D7%94%20%D7%91%D7%93%D7%99%D7%93%D7%94%20310f89dbcca74a78b528c34991532b08.md),נגמר,,"July 6, 2023",
ממן 11,מתמטיקה בדידה (%D7%A8%D7%A9%D7%99%D7%9E%D7%AA%20%D7%A7%D7%95%D7%A8%D7%A1%D7%99%D7%9D/%D7%9E%D7%AA%D7%9E%D7%98%D7%99%D7%A7%D7%94%20%D7%91%D7%93%D7%99%D7%93%D7%94%20310f89dbcca74a78b528c34991532b08.md),נגמר,,"July 6, 2023",
ממח 23,לוגיקה למדעי המחשב (%D7%A8%D7%A9%D7%99%D7%9E%D7%AA%20%D7%A7%D7%95%D7%A8%D7%A1%D7%99%D7%9D/%D7%9C%D7%95%D7%92%D7%99%D7%A7%D7%94%20%D7%9C%D7%9E%D7%93%D7%A2%D7%99%20%D7%94%D7%9E%D7%97%D7%A9%D7%91%20cc6a35404fae40a3b15735c40b05d768.md),לעשות,,"July 21, 2023",
ממח 22,לוגיקה למדעי המחשב (%D7%A8%D7%A9%D7%99%D7%9E%D7%AA%20%D7%A7%D7%95%D7%A8%D7%A1%D7%99%D7%9D/%D7%9C%D7%95%D7%92%D7%99%D7%A7%D7%94%20%D7%9C%D7%9E%D7%93%D7%A2%D7%99%20%D7%94%D7%9E%D7%97%D7%A9%D7%91%20cc6a35404fae40a3b15735c40b05d768.md),לעשות,,"July 28, 2023",
ממח 21,לוגיקה למדעי המחשב (%D7%A8%D7%A9%D7%99%D7%9E%D7%AA%20%D7%A7%D7%95%D7%A8%D7%A1%D7%99%D7%9D/%D7%9C%D7%95%D7%92%D7%99%D7%A7%D7%94%20%D7%9C%D7%9E%D7%93%D7%A2%D7%99%20%D7%94%D7%9E%D7%97%D7%A9%D7%91%20cc6a35404fae40a3b15735c40b05d768.md),לעשות,,"July 7, 2023",
ממן 13,לוגיקה למדעי המחשב (%D7%A8%D7%A9%D7%99%D7%9E%D7%AA%20%D7%A7%D7%95%D7%A8%D7%A1%D7%99%D7%9D/%D7%9C%D7%95%D7%92%D7%99%D7%A7%D7%94%20%D7%9C%D7%9E%D7%93%D7%A2%D7%99%20%D7%94%D7%9E%D7%97%D7%A9%D7%91%20cc6a35404fae40a3b15735c40b05d768.md),לעשות,,"July 12, 2023",
ממן 12,לוגיקה למדעי המחשב (%D7%A8%D7%A9%D7%99%D7%9E%D7%AA%20%D7%A7%D7%95%D7%A8%D7%A1%D7%99%D7%9D/%D7%9C%D7%95%D7%92%D7%99%D7%A7%D7%94%20%D7%9C%D7%9E%D7%93%D7%A2%D7%99%20%D7%94%D7%9E%D7%97%D7%A9%D7%91%20cc6a35404fae40a3b15735c40b05d768.md),בתהליך,מאמר מעניין (%D7%97%D7%95%D7%9E%D7%A8%D7%99%D7%9D/%D7%A8%D7%A9%D7%99%D7%9E%D7%AA%20%D7%97%D7%95%D7%9E%D7%A8%D7%99%D7%9D/%D7%9E%D7%90%D7%9E%D7%A8%20%D7%9E%D7%A2%D7%A0%D7%99%D7%99%D7%9F%208d80420c7fc54710b6cffed9c3f0d95a.md),"July 7, 2023",
ממן 11,לוגיקה למדעי המחשב (%D7%A8%D7%A9%D7%99%D7%9E%D7%AA%20%D7%A7%D7%95%D7%A8%D7%A1%D7%99%D7%9D/%D7%9C%D7%95%D7%92%D7%99%D7%A7%D7%94%20%D7%9C%D7%9E%D7%93%D7%A2%D7%99%20%D7%94%D7%9E%D7%97%D7%A9%D7%91%20cc6a35404fae40a3b15735c40b05d768.md),בתהליך,,"July 5, 2023",
ממח 22,אוטומטים ושפות פורמליות (%D7%A8%D7%A9%D7%99%D7%9E%D7%AA%20%D7%A7%D7%95%D7%A8%D7%A1%D7%99%D7%9D/%D7%90%D7%95%D7%98%D7%95%D7%9E%D7%98%D7%99%D7%9D%20%D7%95%D7%A9%D7%A4%D7%95%D7%AA%20%D7%A4%D7%95%D7%A8%D7%9E%D7%9C%D7%99%D7%95%D7%AA%203a9795e27ff94c5492d9bda507aa18ed.md),לעשות,,"July 7, 2023",
ממח 21,אוטומטים ושפות פורמליות (%D7%A8%D7%A9%D7%99%D7%9E%D7%AA%20%D7%A7%D7%95%D7%A8%D7%A1%D7%99%D7%9D/%D7%90%D7%95%D7%98%D7%95%D7%9E%D7%98%D7%99%D7%9D%20%D7%95%D7%A9%D7%A4%D7%95%D7%AA%20%D7%A4%D7%95%D7%A8%D7%9E%D7%9C%D7%99%D7%95%D7%AA%203a9795e27ff94c5492d9bda507aa18ed.md),בתהליך,שפה רגולרית (%D7%97%D7%95%D7%9E%D7%A8%D7%99%D7%9D/%D7%A8%D7%A9%D7%99%D7%9E%D7%AA%20%D7%97%D7%95%D7%9E%D7%A8%D7%99%D7%9D/%D7%A9%D7%A4%D7%94%20%D7%A8%D7%92%D7%95%D7%9C%D7%A8%D7%99%D7%AA%208f02902627e2468883ace51f056f26e4.md),"July 27, 2023",
ממן 14,אוטומטים ושפות פורמליות (%D7%A8%D7%A9%D7%99%D7%9E%D7%AA%20%D7%A7%D7%95%D7%A8%D7%A1%D7%99%D7%9D/%D7%90%D7%95%D7%98%D7%95%D7%9E%D7%98%D7%99%D7%9D%20%D7%95%D7%A9%D7%A4%D7%95%D7%AA%20%D7%A4%D7%95%D7%A8%D7%9E%D7%9C%D7%99%D7%95%D7%AA%203a9795e27ff94c5492d9bda507aa18ed.md),בתהליך,איך כותבים שפה פורמלית (%D7%97%D7%95%D7%9E%D7%A8%D7%99%D7%9D/%D7%A8%D7%A9%D7%99%D7%9E%D7%AA%20%D7%97%D7%95%D7%9E%D7%A8%D7%99%D7%9D/%D7%90%D7%99%D7%9A%20%D7%9B%D7%95%D7%AA%D7%91%D7%99%D7%9D%20%D7%A9%D7%A4%D7%94%20%D7%A4%D7%95%D7%A8%D7%9E%D7%9C%D7%99%D7%AA%20712b4e163a184b72ba56384454129844.md),"July 22, 2023",Untitled (https://app.notion.com/p/62dc90f739174e0b98b8c351da92f7ee?pvs=21)
ממן 13,אוטומטים ושפות פורמליות (%D7%A8%D7%A9%D7%99%D7%9E%D7%AA%20%D7%A7%D7%95%D7%A8%D7%A1%D7%99%D7%9D/%D7%90%D7%95%D7%98%D7%95%D7%9E%D7%98%D7%99%D7%9D%20%D7%95%D7%A9%D7%A4%D7%95%D7%AA%20%D7%A4%D7%95%D7%A8%D7%9E%D7%9C%D7%99%D7%95%D7%AA%203a9795e27ff94c5492d9bda507aa18ed.md),נגמר,,"July 6, 2023",
ממן 12,אוטומטים ושפות פורמליות (%D7%A8%D7%A9%D7%99%D7%9E%D7%AA%20%D7%A7%D7%95%D7%A8%D7%A1%D7%99%D7%9D/%D7%90%D7%95%D7%98%D7%95%D7%9E%D7%98%D7%99%D7%9D%20%D7%95%D7%A9%D7%A4%D7%95%D7%AA%20%D7%A4%D7%95%D7%A8%D7%9E%D7%9C%D7%99%D7%95%D7%AA%203a9795e27ff94c5492d9bda507aa18ed.md),נגמר,,"July 6, 2023",